Country Name,2015,2016,2017,2018,2019,2020,2021,2022,2023,2024
Aruba,"$2,962,907,262.57","$2,983,635,195.53","$3,092,429,050.28","$3,276,184,357.54","$3,395,798,882.68","$2,481,857,122.84","$2,929,446,578.25","$3,279,343,543.60","$3,648,573,136.15",
Africa Eastern and Southern,"$898,308,853,395.36","$828,961,170,566.44","$973,025,126,473.89","$1,012,291,194,268.21","$1,009,746,517,725.42","$933,407,232,177.08","$1,085,604,883,589.65","$1,191,638,638,185.25","$1,133,818,271,029.39","$1,205,973,813,871.44"
Afghanistan,"$19,134,221,644.73","$18,116,572,395.08","$18,753,456,497.82","$18,053,222,687.41","$18,799,444,490.11","$19,955,929,052.15","$14,259,995,441.08","$14,497,243,872.13","$17,152,234,636.87",
Africa Western and Central,"$778,022,060,796.81","$700,028,171,710.17","$694,051,344,215.05","$777,840,407,639.93","$833,288,902,800.03","$797,295,175,501.97","$858,114,511,231.43","$893,639,944,629.86","$814,728,528,754.19","$670,025,655,309.60"
Angola,"$90,496,420,506.60","$52,761,617,225.93","$73,690,154,990.73","$79,450,688,259.37","$70,897,962,732.03","$48,501,561,203.57","$66,505,129,987.72","$104,399,746,853.40","$84,875,162,197.01","$80,396,942,241.62"
Albania,"$11,470,171,826.96","$11,988,668,784.66","$13,258,268,435.60","$15,379,508,329.76","$15,585,111,614.04","$15,241,455,556.37","$18,032,009,220.44","$19,017,244,116.72","$23,547,180,412.34","$27,177,735,527.57"
Andorra,"$2,789,881,258.50","$2,896,610,479.73","$3,000,162,081.12","$3,218,419,896.96","$3,155,149,347.81","$2,891,001,149.36","$3,324,647,529.38","$3,380,612,573.33","$3,785,067,331.76","$4,039,844,390.23"
Arab World,"$2,568,631,130,655.53","$2,524,102,874,214.64","$2,598,475,460,609.57","$2,907,329,557,076.05","$2,949,355,029,586.25","$2,596,422,612,311.05","$3,077,906,530,882.01","$3,738,584,480,489.16","$3,606,002,342,262.32","$3,704,768,275,595.84"
United Arab Emirates,"$370,275,469,571.14","$369,255,326,235.53","$390,516,804,029.95","$427,049,432,157.93","$417,989,721,742.68","$349,473,015,330.16","$415,178,792,756.98","$502,731,935,194.01","$514,130,432,648.06","$537,078,829,135.47"
Argentina,"$594,749,285,413.21","$557,532,320,662.96","$643,628,393,281.36","$524,819,892,360.18","$447,754,683,615.23","$385,740,508,436.97","$486,564,085,480.04","$632,790,070,063.12","$646,075,277,525.13","$633,266,692,533.69"
Armenia,"$10,553,337,518.41","$10,546,136,235.52","$11,527,458,709.02","$12,457,940,694.74","$13,619,290,539.21","$12,641,698,583.22","$13,878,908,628.94","$19,513,506,553.13","$24,085,749,592.34","$25,786,585,949.63"
American Samoa,"$673,000,000.00","$671,000,000.00","$612,000,000.00","$639,000,000.00","$647,000,000.00","$721,000,000.00","$750,000,000.00","$871,000,000.00",,
Antigua and Barbuda,"$1,437,485,185.19","$1,489,603,703.70","$1,534,855,555.56","$1,661,529,629.63","$1,726,448,148.15","$1,411,637,037.04","$1,602,125,925.93","$1,866,566,666.67","$2,005,785,185.19","$2,224,814,814.81"
Australia,"$1,351,296,372,254.31","$1,206,836,962,281.84","$1,325,582,658,156.54","$1,427,809,041,019.44","$1,392,723,834,562.64","$1,328,414,058,378.38","$1,556,735,770,437.26","$1,690,858,246,994.43","$1,728,057,316,695.61","$1,752,193,307,380.34"
Austria,"$379,546,097,300.63","$393,687,359,770.27","$414,926,138,132.69","$452,582,294,972.78","$442,983,642,371.84","$434,397,601,557.70","$480,467,037,338.78","$471,773,629,830.38","$511,685,203,845.00","$521,642,466,921.75"
Azerbaijan,"$53,076,235,354.75","$37,866,996,882.92","$40,866,627,351.98","$47,112,470,051.77","$48,174,235,294.12","$42,693,000,000.00","$54,825,411,764.71","$78,807,470,588.24","$72,428,470,588.24","$74,315,882,352.94"
Burundi,"$3,104,003,546.26","$2,644,487,776.50","$2,723,586,962.84","$2,667,182,199.51","$2,576,518,879.82","$2,649,680,261.44","$2,775,798,697.46","$3,338,722,827.66","$2,629,391,599.50","$2,162,378,759.35"
Belgium,"$461,044,767,544.53","$474,271,566,739.73","$500,908,767,351.53","$542,638,913,427.92","$536,726,344,405.49","$529,694,473,501.79","$598,522,422,241.85","$593,614,574,325.88","$644,655,275,111.58","$664,564,181,486.95"
Benin,"$11,388,160,996.77","$11,821,065,853.38","$12,701,655,836.95","$14,262,408,089.93","$14,391,686,313.46","$15,686,741,893.52","$17,687,623,534.67","$17,425,405,083.88","$19,673,290,995.85","$21,482,643,720.27"
Burkina Faso,"$11,832,159,315.63","$12,833,363,045.34","$14,106,955,615.34","$15,890,066,221.29","$16,032,813,503.37","$17,725,010,532.53","$19,697,516,284.38","$18,820,218,690.59","$20,324,617,844.53","$23,250,214,909.54"
Bangladesh,"$195,146,608,978.13","$265,224,515,675.03","$293,732,446,624.60","$321,362,752,441.78","$351,231,654,603.69","$373,979,442,362.19","$416,271,647,911.01","$460,131,689,083.08","$437,415,333,018.29","$450,119,424,622.39"
Bulgaria,"$50,765,918,159.15","$53,929,397,039.21","$59,167,647,387.61","$66,251,582,035.94","$68,634,004,792.10","$70,550,652,466.63","$84,414,122,840.17","$90,509,236,929.22","$102,396,840,296.15","$112,211,952,703.83"
Bahrain,"$32,523,297,872.34","$33,884,680,851.06","$37,204,813,829.79","$39,567,978,723.40","$40,446,808,510.64","$35,837,632,978.72","$40,840,212,765.96","$46,458,191,489.36","$46,192,260,638.30","$47,736,702,127.66"
Bahamas,"$11,837,600,000.00","$11,880,900,000.00","$12,446,900,000.00","$12,819,200,000.00","$13,277,000,000.00","$10,363,200,000.00","$12,037,000,000.00","$13,896,800,000.00","$15,271,300,000.00","$15,832,800,000.00"
Bosnia and Herz.,"$16,404,348,871.44","$17,116,926,327.62","$18,326,373,366.11","$20,484,053,868.92","$20,482,608,755.38","$20,226,036,564.41","$23,672,712,242.21","$24,534,663,636.18","$27,592,361,387.86","$28,343,394,203.47"
Belarus,"$56,454,769,844.76","$47,723,545,321.26","$54,725,405,751.16","$60,031,026,576.26","$64,410,170,653.46","$61,371,673,344.74","$69,673,747,131.87","$73,775,179,924.60","$72,478,760,370.43","$75,961,865,471.91"
Belize,"$2,193,050,000.00","$2,240,200,000.00","$2,266,300,000.00","$2,293,250,000.00","$2,388,300,000.00","$2,042,850,000.00","$2,420,550,000.00","$2,846,700,000.00","$3,066,850,000.00","$3,515,783,328.91"
Bermuda,"$6,654,541,000.00","$6,899,911,000.00","$7,142,316,000.00","$7,225,977,000.00","$7,423,465,000.00","$6,887,364,000.00","$7,290,037,000.00","$7,874,381,000.00","$8,579,242,000.00","$8,980,200,000.00"
Bolivia,"$33,000,198,248.91","$33,941,126,193.92","$37,508,642,170.77","$40,287,647,930.54","$40,895,322,850.94","$36,629,843,806.08","$40,406,111,693.20","$44,008,282,879.88","$45,135,398,002.89","$49,668,296,743.85"
Brazil,"$1,802,212,206,814.50","$1,795,693,482,853.01","$2,063,514,977,365.65","$1,916,933,898,010.99","$1,873,288,205,059.69","$1,476,107,231,310.49","$1,670,647,398,904.90","$1,951,923,942,083.32","$2,191,131,765,684.63","$2,179,412,080,828.59"
Barbados,"$5,288,057,750.00","$5,330,761,500.00","$5,517,340,450.00","$5,629,916,200.00","$5,788,288,000.00","$5,168,344,450.00","$5,275,242,050.00","$6,257,303,500.00","$6,720,733,200.00","$7,165,000,000.00"
Brunei Darussalam,"$12,930,296,852.49","$11,400,266,055.32","$12,128,168,046.78","$13,566,908,401.19","$13,469,235,348.22","$12,005,799,664.27","$14,006,496,614.32","$16,681,536,442.55","$15,095,084,686.17","$15,463,134,387.20"
Bhutan,"$2,187,815,803.37","$2,357,504,760.79","$2,591,358,009.20","$2,583,335,721.86","$2,735,683,570.46","$2,457,604,333.91","$2,768,802,960.11","$2,898,227,743.76","$3,019,253,885.47",
Botswana,"$13,530,748,844.51","$15,082,637,184.05","$16,105,155,856.77","$17,031,943,186.14","$16,725,908,148.55","$14,960,251,610.90","$18,750,182,234.53","$20,321,150,598.07","$19,411,266,967.10","$19,400,774,882.45"
Central African Rep.,"$1,695,825,714.19","$1,825,018,144.66","$2,072,349,972.68","$2,220,979,146.11","$2,221,301,351.44","$2,326,720,900.38","$2,516,498,412.46","$2,382,618,615.02","$2,555,492,085.95","$2,751,544,520.38"
Canada,"$1,556,508,816,217.14","$1,527,994,741,907.43","$1,649,265,644,244.09","$1,725,329,192,783.02","$1,743,725,183,672.52","$1,655,684,730,000.19","$2,022,378,748,423.23","$2,190,411,080,134.32","$2,173,339,670,064.33","$2,241,253,230,970.34"
Central Europe and the Baltics,"$1,297,147,579,274.91","$1,321,565,597,216.69","$1,467,505,238,696.80","$1,658,215,183,813.33","$1,686,042,070,714.23","$1,679,770,251,031.92","$1,927,940,096,544.03","$1,956,274,288,914.43","$2,273,945,434,904.28","$2,455,559,190,577.36"
Switzerland,"$694,118,186,379.63","$687,895,460,902.71","$695,200,834,102.05","$725,568,717,468.00","$721,369,112,726.72","$741,999,406,005.63","$815,309,330,986.72","$828,508,926,958.39","$894,424,821,645.21","$936,564,198,048.52"
Channel Islands,"$10,109,968,831.17","$9,169,278,152.85","$9,170,079,922.78","$10,026,153,281.75","$10,032,440,898.65","$9,439,810,769.23","$11,157,003,025.72","$11,308,300,382.10","$12,507,927,159.73",
Chile,"$242,450,355,830.88","$249,344,863,928.44","$276,154,259,981.10","$295,857,562,991.71","$278,285,058,719.47","$254,042,159,309.31","$315,325,547,162.07","$301,226,575,540.24","$335,518,054,097.64","$330,267,137,371.59"
China,"$11,280,814,787,468.90","$11,456,024,084,962.00","$12,537,559,062,282.90","$14,147,765,772,963.80","$14,560,167,101,283.40","$14,996,414,166,715.10","$18,201,698,719,564.00","$18,316,765,021,690.20","$18,270,356,654,533.20","$18,743,803,170,827.20"
Côte d'Ivoire,"$45,815,005,169.27","$48,407,761,036.82","$52,512,343,996.69","$58,522,477,786.69","$60,382,894,697.36","$63,027,852,805.42","$72,794,636,649.43","$70,922,824,824.01","$79,618,056,323.76","$86,538,413,923.39"
Cameroon,"$32,210,233,020.46","$33,814,337,044.38","$36,098,547,033.17","$39,955,552,189.80","$39,667,757,527.66","$40,773,241,177.05","$45,011,937,346.84","$44,347,206,072.55","$49,279,410,982.83","$51,326,764,684.86"
Dem. Rep. Congo,"$37,917,706,497.18","$37,134,801,555.33","$38,019,264,794.83","$47,568,210,009.82","$51,775,829,877.21","$48,716,961,860.13","$55,328,482,783.54","$65,801,547,755.66","$67,006,756,666.36","$70,749,355,652.12"
Congo,"$12,434,793,867.36","$10,931,328,150.85","$11,834,473,039.36","$14,773,900,288.51","$13,976,637,779.98","$11,468,687,464.00","$14,825,690,210.92","$15,817,030,156.95","$15,321,055,818.33","$15,719,985,776.40"
Colombia,"$293,492,370,193.17","$282,720,100,286.23","$311,866,875,156.88","$334,198,218,098.28","$323,031,701,192.84","$270,348,342,541.47","$318,524,633,225.40","$345,632,492,851.45","$366,291,836,137.92","$418,542,042,920.19"
Comoros,"$966,029,599.80","$1,012,835,492.52","$1,077,439,756.12","$1,188,797,449.96","$1,195,019,531.04","$1,225,039,195.94","$1,299,039,311.76","$1,279,542,248.45","$1,430,523,435.82","$1,546,164,420.32"
Cabo Verde,"$1,749,857,620.35","$1,849,789,986.00","$1,996,741,539.95","$2,205,099,507.00","$2,252,177,124.32","$1,821,565,613.69","$2,051,842,618.71","$2,247,003,344.34","$2,539,203,428.74","$2,767,599,017.45"
Costa Rica,"$56,441,920,820.55","$58,847,019,609.74","$60,516,044,656.53","$62,420,164,991.54","$64,417,670,521.33","$62,395,610,759.98","$64,960,725,734.24","$69,243,626,028.67","$86,497,941,438.98","$95,350,423,176.66"
Caribbean small states,"$62,135,017,573.49","$57,729,936,370.55","$59,541,578,262.95","$60,893,234,438.57","$61,929,300,627.75","$53,180,553,803.04","$61,961,705,340.78","$78,054,577,760.30","$79,470,143,934.88","$91,570,798,875.90"
Cuba,"$87,132,800,000.00","$91,370,407,863.70","$96,850,649,691.74","$100,050,036,096.12","$103,427,600,000.00","$107,351,800,000.00",,,,
Curacao,"$3,058,779,217.88","$3,024,690,167.60","$3,033,433,240.22","$3,046,364,804.47","$3,026,124,115.73","$2,534,327,592.50","$2,739,594,359.59","$3,075,180,834.72","$3,281,419,347.37",
Cayman Islands,"$4,708,167,232.67","$4,909,322,237.29","$5,166,281,305.13","$5,530,178,440.71","$5,941,896,607.59","$5,655,358,021.43","$6,060,026,520.11","$6,600,843,963.38","$7,139,428,557.71",
Cyprus,"$19,909,278,416.86","$21,046,462,280.60","$22,946,570,628.76","$25,754,001,367.54","$26,196,667,099.53","$25,555,093,854.30","$30,372,642,502.49","$30,935,566,076.68","$33,886,930,712.34","$36,333,022,329.50"
Czechia,"$189,107,698,561.92","$198,160,659,303.94","$221,563,575,696.22","$251,992,360,762.24","$256,794,209,028.77","$251,109,660,602.54","$290,972,714,482.31","$301,831,228,325.56","$343,206,568,134.64","$345,036,675,975.05"
Germany,"$3,423,568,450,957.03","$3,537,784,107,980.55","$3,763,092,263,752.95","$4,052,008,447,223.53","$3,957,208,055,215.68","$3,940,142,541,354.10","$4,348,297,440,387.53","$4,163,596,357,879.39","$4,525,703,903,627.53","$4,659,929,336,890.62"
Djibouti,"$2,424,391,785.44","$2,604,955,228.70","$2,762,581,334.23","$2,913,464,658.09","$3,088,851,450.31","$3,144,136,196.62","$3,392,796,953.09","$3,562,814,908.76","$3,917,150,480.81","$4,086,402,718.87"
Dominica,"$583,177,777.78","$612,711,111.11","$563,355,555.56","$628,244,444.44","$644,259,259.26","$528,944,444.44","$562,911,111.11","$623,062,962.96","$659,311,111.11","$688,881,481.48"
Denmark,"$301,758,922,337.64","$312,181,849,372.23","$331,610,593,961.99","$355,293,374,912.39","$345,401,473,012.62","$355,631,021,931.62","$408,378,204,640.00","$401,945,576,107.96","$407,091,920,305.40","$429,457,372,071.87"
Dominican Rep.,"$70,966,782,572.44","$75,552,902,635.71","$79,070,274,743.17","$84,994,732,049.35","$89,146,130,744.72","$78,546,672,406.83","$94,850,719,516.71","$113,478,087,134.80","$120,456,239,153.74","$124,282,245,638.57"
Algeria,"$187,493,855,609.35","$180,763,839,522.15","$189,880,896,903.07","$194,554,483,655.53","$193,459,662,090.68","$164,873,415,325.20","$186,231,205,262.08","$225,638,456,572.14","$247,626,161,016.41","$263,619,794,506.72"
East Asia & Pacific (excluding high income),"$13,548,910,408,226.50","$13,844,122,755,580.70","$15,115,625,538,820.60","$16,902,106,236,749.50","$17,503,362,758,566.80","$17,805,361,735,240.50","$21,231,549,654,292.70","$21,563,623,056,097.70","$21,644,107,579,563.10","$22,260,874,526,758.10"
Early-demographic dividend,"$10,271,831,724,034.80","$10,571,969,587,055.30","$11,475,929,617,611.40","$11,652,111,473,280.50","$11,887,904,124,496.50","$11,039,712,538,107.10","$12,923,331,307,987.70","$14,274,765,147,164.70","$15,147,839,465,127.30","$16,021,674,099,781.50"
East Asia & Pacific,"$22,220,470,013,499.60","$23,005,487,018,716.50","$24,563,743,482,148.70","$26,749,413,596,913.50","$27,322,078,215,458.30","$27,474,338,351,594.10","$31,548,481,959,790.60","$31,135,994,741,903.40","$31,279,384,293,039.70","$31,882,663,454,356.90"
Europe & Central Asia (excluding high income),"$1,509,371,606,861.60","$1,449,055,610,153.63","$1,494,762,564,964.78","$1,468,176,796,062.36","$1,498,314,108,819.45","$1,437,141,951,950.75","$1,670,340,539,745.28","$1,817,993,344,339.27","$2,134,737,666,916.84","$2,421,839,057,172.22"
Europe & Central Asia,"$20,583,343,138,821.00","$20,511,787,410,869.20","$21,766,184,431,710.60","$23,306,977,599,232.00","$23,032,792,622,187.50","$22,287,615,625,568.50","$25,513,859,723,979.10","$25,700,849,227,224.30","$27,617,157,896,730.20","$29,146,936,906,252.20"
Ecuador,"$97,209,558,000.00","$97,671,433,000.00","$104,467,486,000.00","$107,478,961,000.00","$107,595,830,000.00","$95,865,473,000.00","$107,179,074,000.00","$116,133,121,000.00","$121,147,057,000.00","$124,676,074,700.00"
Egypt,"$329,366,576,819.41","$332,441,717,791.41","$248,362,771,739.13","$262,588,632,526.73","$318,678,815,489.75","$383,817,841,547.10","$424,671,765,455.70","$476,747,720,364.74","$395,926,075,163.01","$389,059,911,003.57"
Euro area,"$11,828,599,572,756.50","$12,124,585,812,257.60","$12,839,881,576,243.50","$13,868,034,531,052.80","$13,587,001,830,079.40","$13,266,853,301,191.70","$14,918,539,971,043.30","$14,452,407,617,089.90","$15,787,238,118,091.40","$16,406,126,934,435.80"
Eritrea,,,,,,,,,,
Spain,"$1,206,164,777,553.12","$1,243,015,667,917.12","$1,321,754,088,818.83","$1,431,642,809,327.06","$1,403,496,387,686.27","$1,289,783,836,971.21","$1,461,244,901,852.69","$1,446,498,147,749.03","$1,620,090,734,956.89","$1,722,745,978,335.16"
Estonia,"$23,311,847,750.94","$24,561,027,787.79","$27,469,461,919.12","$31,222,632,740.72","$31,873,748,770.03","$31,820,771,493.90","$37,204,563,051.47","$38,376,046,174.97","$41,291,245,222.19","$42,764,929,169.33"
Ethiopia,"$64,589,328,550.60","$74,296,766,562.13","$81,770,885,148.06","$84,269,180,856.91","$95,912,620,248.06","$107,657,732,424.16","$111,261,888,668.86","$126,772,707,851.34",,
European Union,"$13,655,113,751,882.80","$13,990,609,868,691.70","$14,870,146,541,628.40","$16,092,154,353,714.70","$15,809,298,345,792.20","$15,505,708,717,748.90","$17,498,522,970,845.20","$16,996,087,955,139.80","$18,602,672,971,721.60","$19,423,319,451,330.30"
Fragile and conflict affected situations,"$1,617,402,176,010.38","$1,489,679,431,071.30","$1,589,078,992,903.46","$1,735,522,724,126.93","$1,842,814,574,762.83","$1,676,505,788,095.81","$1,787,068,023,408.49","$1,967,015,531,216.77","$1,820,234,347,800.98","$1,700,322,737,099.85"
Finland,"$233,210,733,506.25","$238,777,818,792.61","$253,846,138,440.00","$273,869,255,596.08","$267,014,821,129.41","$270,000,311,606.23","$294,223,210,496.12","$280,253,099,309.34","$294,950,618,733.34","$299,835,625,550.78"
Fiji,"$4,682,479,893.98","$4,930,213,644.37","$5,353,469,174.48","$5,581,425,327.44","$5,444,407,198.13","$4,432,466,219.88","$4,305,031,649.74","$4,969,503,549.32","$5,442,046,552.97","$5,840,564,072.77"
France,"$2,442,483,452,642.50","$2,470,407,619,777.13","$2,588,868,323,334.71","$2,781,576,320,884.39","$2,722,793,515,171.76","$2,647,926,055,110.05","$2,966,433,692,008.09","$2,796,302,210,398.84","$3,051,831,611,384.76","$3,162,079,073,495.78"
Faroe Islands,"$2,573,905,971.05","$2,813,278,868.78","$2,980,057,377.88","$3,188,600,927.47","$3,266,432,734.23","$3,271,813,311.58","$3,664,686,796.63","$3,566,698,397.66","$3,907,323,961.34",
"Micronesia, Fed. Sts.","$316,489,900.00","$325,000,000.00","$359,000,000.00","$392,000,000.00","$394,000,000.00","$372,902,690.04","$391,601,946.96","$415,956,896.46","$443,916,782.30","$471,425,099.49"
Gabon,"$14,383,107,762.70","$14,023,890,265.37","$14,929,487,485.16","$16,867,326,401.96","$16,874,405,465.39","$15,342,236,163.99","$19,444,935,097.23","$20,440,655,695.23","$20,055,720,403.47","$20,867,044,935.67"
United Kingdom,"$2,927,911,140,916.73","$2,689,106,566,899.61","$2,680,148,052,335.30","$2,871,340,347,581.79","$2,851,407,164,907.81","$2,696,778,386,607.65","$3,143,323,050,707.26","$3,114,042,471,144.39","$3,369,861,888,972.88","$3,643,834,188,782.91"
Georgia,"$15,223,796,148.84","$15,444,548,901.96","$16,473,125,375.07","$17,902,544,880.65","$17,638,337,116.91","$16,010,869,215.68","$18,853,115,588.81","$24,984,568,959.61","$30,777,833,600.65","$33,776,141,250.57"
Ghana,"$49,436,806,230.48","$56,144,179,397.85","$60,385,409,434.86","$67,259,353,965.61","$68,352,629,246.16","$70,008,243,859.87","$79,514,204,730.40","$73,919,003,209.99","$80,547,146,878.38","$82,825,288,888.97"
Gibraltar,,,,,,,,,,
Guinea,"$8,794,201,742.85","$8,595,955,222.50","$10,324,668,271.14","$11,857,030,366.79","$13,442,861,496.45","$14,088,693,742.95","$17,069,115,737.83","$19,910,452,541.92","$22,407,615,556.06","$25,334,307,878.74"
Gambia,"$1,378,176,608.93","$1,484,578,885.97","$1,504,909,462.70","$1,670,671,327.82","$1,813,609,692.50","$1,812,170,891.19","$2,014,158,842.15","$2,204,734,527.13","$2,396,111,020.88","$2,507,519,958.35"
Guinea-Bissau,"$1,152,384,166.80","$1,245,074,264.10","$1,469,978,606.12","$1,554,133,593.92","$1,588,767,975.59","$1,683,619,351.72","$1,878,659,686.59","$1,839,048,747.88","$2,077,816,134.67","$2,119,865,935.25"
Equatorial Guinea,"$13,185,496,881.02","$11,240,808,847.89","$12,200,913,878.98","$13,097,012,133.62","$11,364,133,549.75","$9,893,816,007.74","$12,215,878,032.72","$13,687,643,435.62","$12,337,550,583.75","$12,765,777,677.06"
Greece,"$194,567,373,678.10","$193,097,239,005.87","$200,381,103,984.30","$213,298,873,494.39","$207,305,649,887.02","$191,362,985,554.86","$218,303,801,895.33","$218,880,566,444.35","$243,498,333,237.80","$257,144,811,301.67"
Grenada,"$997,007,407.41","$1,061,640,740.74","$1,125,685,185.19","$1,166,514,814.81","$1,213,485,185.19","$1,043,411,111.11","$1,122,800,000.00","$1,231,732,103.70","$1,323,985,600.00","$1,391,435,992.59"
Greenland,"$2,499,113,022.82","$2,707,139,544.47","$2,851,613,679.03","$3,055,782,146.16","$2,997,309,971.88","$3,089,625,554.40","$3,293,578,467.57","$3,152,334,771.78","$3,326,544,174.38",
Guatemala,"$62,186,064,757.93","$66,053,403,363.74","$71,653,754,107.10","$73,328,365,862.43","$77,172,317,258.65","$77,719,464,220.73","$86,455,519,686.88","$95,641,441,234.94","$104,368,413,483.15","$113,199,586,004.48"
Guam,"$5,799,000,000.00","$5,901,000,000.00","$6,013,000,000.00","$6,051,000,000.00","$6,355,000,000.00","$5,916,000,000.00","$6,234,000,000.00","$6,910,000,000.00",,
Guyana,"$4,279,840,193.70","$4,482,697,336.56","$4,748,174,334.14","$4,787,636,997.85","$5,173,760,191.85","$5,471,256,594.72","$8,041,362,110.31","$14,718,388,489.21","$16,918,503,597.12","$24,835,899,825.90"
High income,"$49,956,747,461,166.40","$50,925,145,050,903.70","$53,532,832,551,203.60","$56,899,748,048,245.30","$57,469,453,150,147.40","$56,044,969,561,614.30","$62,927,771,341,457.90","$65,248,657,227,968.50","$68,618,756,866,831.80","$71,522,995,943,824.20"
"Hong Kong SAR, China","$309,385,622,601.35","$320,860,317,562.56","$341,273,289,534.47","$361,731,070,995.73","$363,074,545,072.39","$344,943,149,590.06","$368,954,169,748.82","$358,679,533,984.72","$381,066,399,066.21","$407,106,738,445.07"
Honduras,"$20,979,791,685.42","$21,717,604,952.18","$23,136,247,990.60","$24,067,750,760.50","$24,882,225,741.81","$23,352,232,483.76","$28,144,331,506.61","$31,426,041,806.80","$34,355,805,527.98","$37,093,565,854.04"
Heavily indebted poor countries (HIPC),"$675,124,056,288.55","$681,582,492,494.93","$732,428,236,460.13","$783,851,617,853.70","$811,925,263,665.52","$820,678,273,818.94","$914,476,428,986.12","$993,480,176,910.22","$1,045,906,705,389.10","$1,132,303,151,467.19"
Croatia,"$51,005,200,669.69","$52,654,855,638.11","$56,186,190,438.00","$61,668,130,122.59","$61,467,582,193.68","$57,963,370,885.08","$69,006,802,298.70","$71,198,635,101.95","$84,393,795,502.44","$92,526,176,108.62"
Haiti,"$14,849,629,308.60","$14,069,277,526.23","$15,093,357,161.15","$16,403,864,617.85","$15,016,090,929.51","$14,508,222,518.30","$20,877,414,952.64","$20,253,551,920.55","$19,850,585,722.32","$25,224,154,990.79"
Hungary,"$125,244,126,623.29","$128,983,560,865.29","$143,335,098,991.86","$161,184,691,013.84","$164,936,682,033.99","$158,468,487,754.20","$183,282,685,440.49","$177,536,698,164.90","$214,022,571,311.24","$222,904,723,252.11"
IBRD only,"$26,062,219,197,569.10","$26,257,498,466,233.40","$28,980,670,807,432.30","$30,908,093,008,396.40","$31,581,844,372,017.20","$30,426,310,945,474.60","$36,134,729,389,995.20","$38,173,342,857,338.40","$39,445,795,860,390.10","$41,102,217,227,752.30"
IDA & IBRD total,"$28,230,085,120,203.70","$28,416,081,615,148.40","$31,255,536,982,771.30","$33,320,472,281,473.60","$34,090,818,723,703.00","$32,884,865,747,902.10","$38,810,576,219,568.70","$41,067,771,533,155.60","$42,232,758,175,761.50","$43,918,119,394,039.40"
IDA total,"$2,166,662,253,505.82","$2,157,610,760,378.18","$2,274,805,721,032.25","$2,412,444,537,801.42","$2,508,626,747,858.23","$2,457,830,370,728.94","$2,677,283,166,004.58","$2,895,309,495,560.39","$2,781,199,862,737.98","$2,807,015,624,603.16"
IDA blend,"$1,104,879,083,605.57","$1,035,753,092,023.26","$1,064,742,116,157.94","$1,125,300,769,098.02","$1,153,206,654,635.47","$1,087,140,198,997.65","$1,187,113,707,176.67","$1,279,359,771,603.06","$1,149,351,628,081.53","$1,060,004,843,955.22"
Indonesia,"$860,854,232,686.21","$931,877,364,037.70","$1,015,618,744,159.73","$1,042,271,532,988.63","$1,119,099,871,350.20","$1,059,054,842,698.48","$1,186,509,691,086.73","$1,319,101,183,380.15","$1,371,169,301,563.62","$1,396,300,098,190.97"
IDA only,"$1,061,783,169,900.24","$1,121,857,668,354.92","$1,210,063,604,874.31","$1,287,143,768,703.40","$1,355,420,093,222.75","$1,370,690,171,731.28","$1,490,169,458,827.91","$1,615,949,723,957.34","$1,638,623,353,905.75","$1,762,363,031,559.76"
Isle of Man,"$7,084,800,892.22","$6,846,377,563.01","$6,979,788,333.50","$7,491,649,455.93","$7,314,967,866.28","$6,684,225,641.03","$7,931,193,222.06","$7,431,257,410.93",,
India,"$2,103,588,360,044.94","$2,294,796,885,663.16","$2,651,474,262,755.45","$2,702,929,641,648.74","$2,835,606,256,558.19","$2,674,851,578,587.27","$3,167,270,623,260.47","$3,346,107,287,730.93","$3,638,489,096,033.86","$3,912,686,168,582.21"
Not classified,,,,,,,,,,
Ireland,"$302,391,428,540.04","$305,733,136,180.91","$348,532,394,023.60","$395,461,216,460.42","$407,124,824,065.00","$436,555,518,400.45","$531,306,516,907.98","$548,570,250,341.99","$551,394,889,339.78","$577,389,475,009.92"
Iran,"$409,191,686,496.68","$459,042,684,192.70","$489,168,731,811.15","$398,880,231,367.27","$333,519,146,339.19","$262,186,179,355.94","$383,436,202,446.70","$394,362,621,793.04","$404,625,655,076.28","$436,906,331,671.86"
Iraq,"$166,774,104,959.10","$166,743,557,747.67","$187,217,660,050.68","$227,367,469,034.03","$233,636,097,800.34","$180,898,797,516.87","$209,691,945,713.10","$287,372,232,137.93","$268,881,051,643.55","$279,641,257,615.39"
Iceland,"$17,517,210,519.09","$20,793,168,030.95","$24,728,285,177.46","$26,260,850,582.07","$24,681,343,649.30","$21,629,953,194.07","$25,770,339,317.39","$28,696,453,180.17","$31,452,223,861.91","$33,462,807,982.85"
Israel,"$303,469,434,072.30","$321,940,971,558.02","$358,451,839,052.99","$376,299,083,108.50","$400,645,216,358.86","$410,768,352,657.61","$489,851,549,972.35","$525,181,008,025.57","$512,184,638,998.97","$540,379,921,261.68"
Italy,"$1,845,428,048,839.10","$1,887,111,188,176.93","$1,970,720,904,584.71","$2,099,435,266,458.67","$2,019,606,796,583.53","$1,907,481,094,079.23","$2,179,207,773,596.09","$2,104,067,630,319.46","$2,304,605,139,862.79","$2,372,774,547,793.12"
Jamaica,"$14,188,936,918.00","$14,077,096,676.62","$14,808,985,132.77","$15,730,792,876.27","$15,830,766,531.15","$13,812,421,835.74","$14,657,586,159.43","$17,097,760,686.78","$19,423,355,367.24","$19,930,288,337.03"
Jordan,"$38,587,017,887.32","$39,892,551,126.76","$41,608,435,915.49","$43,370,860,704.23","$44,503,006,338.03","$43,700,383,098.59","$46,296,100,140.85","$48,764,963,380.28","$51,088,476,338.03","$53,352,289,577.46"
Japan,"$4,444,930,651,964.18","$5,003,677,627,544.24","$4,930,837,369,151.42","$5,040,880,939,324.86","$5,117,993,853,016.51","$5,054,068,005,376.28","$5,039,148,168,861.22","$4,262,463,317,796.53","$4,213,167,237,905.83","$4,026,210,821,146.81"
Kazakhstan,"$184,388,404,706.04","$137,278,320,084.17","$166,805,788,827.23","$179,339,977,690.49","$181,667,184,854.50","$171,082,365,861.42","$197,112,255,360.61","$225,496,328,925.49","$261,840,101,059.92","$288,406,138,230.67"
Kenya,"$70,120,446,896.84","$74,815,144,163.89","$82,036,510,877.26","$92,202,979,985.29","$100,378,436,207.37","$100,657,505,750.55","$109,703,658,904.99","$114,448,978,152.64","$108,038,588,970.60","$124,498,691,699.13"
Kyrgyzstan,"$6,678,177,511.66","$6,813,095,379.12","$7,702,938,379.42","$8,271,106,235.42","$9,371,275,264.37","$8,270,468,614.24","$9,249,133,946.27","$12,134,931,017.95","$15,180,842,369.49","$17,478,259,659.26"
Cambodia,"$24,174,170,369.07","$26,556,545,153.36","$29,355,665,909.79","$33,145,892,168.90","$36,685,356,407.72","$34,818,073,901.49","$36,790,163,687.44","$39,994,532,959.61","$42,335,646,895.80","$46,352,647,034.78"
Kiribati,"$191,559,398.69","$206,467,818.50","$222,875,736.34","$233,514,717.44","$216,985,388.32","$220,897,998.73","$285,259,893.98","$270,040,456.96","$288,610,732.19","$307,862,546.79"
St. Kitts and Nevis,"$957,222,222.22","$1,006,818,518.52","$1,056,977,777.78","$1,076,548,148.15","$1,107,855,555.56","$883,922,222.22","$858,622,222.22","$980,188,888.89","$1,056,751,851.85","$1,066,681,481.48"
South Korea,"$1,466,038,936,206.43","$1,499,679,823,909.61","$1,623,074,183,501.90","$1,725,373,496,825.43","$1,651,422,932,447.77","$1,644,312,831,906.17","$1,818,432,106,880.04","$1,673,916,511,799.71","$1,712,792,854,202.37",
Kuwait,"$114,585,555,830.92","$109,406,674,087.95","$120,687,539,675.52","$138,646,316,321.60","$140,856,394,870.02","$111,045,470,461.21","$148,350,671,614.19","$183,502,046,669.15","$165,384,407,267.06","$160,227,273,001.35"
Latin America & Caribbean (excluding high income),"$4,577,965,121,206.66","$4,438,012,803,116.89","$4,951,480,879,885.32","$4,807,492,365,803.41","$4,739,266,496,719.49","$3,984,427,319,010.97","$4,629,099,312,241.86","$5,325,687,016,147.00","$5,997,364,907,507.01","$6,146,374,383,733.38"
Laos,"$14,426,380,125.65","$15,912,501,722.61","$17,071,155,481.50","$18,141,641,089.80","$18,740,561,512.56","$18,981,805,250.24","$18,827,148,530.93","$15,468,785,203.75","$15,843,155,731.26","$16,502,933,121.08"
Lebanon,"$49,929,337,836.82","$51,147,308,774.13","$53,027,680,685.90","$54,901,519,155.56","$51,605,959,131.27","$31,712,128,253.80","$23,131,941,556.78","$20,992,421,948.81","$20,078,620,356.99",
Liberia,"$3,227,075,700.00","$3,398,419,600.00","$3,390,703,400.00","$3,422,754,800.00","$3,319,596,500.00","$3,176,126,300.00","$3,513,049,500.00","$4,001,047,000.00","$4,390,000,000.00","$4,750,000,000.00"
Libya,"$48,717,501,321.31","$49,912,073,701.30","$67,157,452,181.77","$76,686,029,772.15","$69,254,496,471.69","$46,854,285,440.64","$35,217,995,647.29","$43,246,297,921.85","$45,096,462,972.40","$46,636,278,901.90"
St. Lucia,"$1,807,640,740.74","$1,868,544,444.44","$1,998,503,703.70","$2,060,955,555.56","$2,095,344,444.44","$1,499,274,074.07","$1,867,185,185.19","$2,342,714,814.81","$2,430,166,666.67","$2,549,062,962.96"
Latin America & Caribbean,"$5,420,440,781,672.12","$5,285,691,145,303.57","$5,868,341,566,243.68","$5,742,372,094,087.70","$5,659,843,769,808.14","$4,805,921,371,470.46","$5,581,814,290,255.75","$6,345,587,523,480.55","$7,127,804,705,256.22","$7,313,631,690,222.71"
Least developed countries: UN classification,"$934,515,239,963.61","$949,887,329,005.81","$1,039,596,262,297.48","$1,107,881,528,995.12","$1,168,244,060,712.21","$1,179,759,976,006.93","$1,288,339,633,534.37","$1,445,223,560,465.28","$1,416,482,888,487.06","$1,495,340,734,264.69"
Low income,"$359,710,118,764.63","$316,109,880,599.63","$327,200,283,964.05","$342,687,284,249.88","$356,930,361,600.33","$340,851,227,778.85","$370,630,013,362.64","$427,939,606,203.12","$423,723,013,875.63","$466,541,517,790.09"
Liechtenstein,"$6,268,515,276.17","$6,237,302,033.50","$6,474,308,717.85","$6,692,620,691.84","$6,436,467,007.12","$6,405,870,210.32","$7,912,602,342.19","$7,378,156,576.24","$8,287,748,667.21",
Sri Lanka,"$85,090,301,052.05","$88,000,211,171.60","$94,369,350,285.58","$94,450,015,982.84","$88,998,706,296.58","$84,335,574,581.51","$88,556,698,937.70","$74,143,020,262.81","$83,716,142,582.19","$98,963,185,509.65"
Lower middle income,"$5,098,466,854,471.99","$5,312,048,001,895.33","$5,751,392,726,255.85","$6,004,619,221,945.02","$6,308,107,724,476.60","$6,110,254,911,277.36","$6,921,716,347,320.78","$7,377,558,874,199.93","$7,530,591,347,605.22","$7,857,490,239,272.00"
Low & middle income,"$25,441,228,963,050.90","$25,692,480,250,515.90","$28,077,899,127,097.70","$29,904,746,273,220.30","$30,622,477,245,854.40","$29,667,488,251,107.80","$34,992,770,913,888.40","$36,712,853,300,728.50","$37,824,423,052,000.70","$39,216,943,108,499.10"
Lesotho,"$2,359,686,724.54","$2,114,426,452.20","$2,306,741,672.29","$2,556,247,292.00","$2,390,702,295.83","$2,053,699,870.07","$2,412,130,021.65","$2,354,980,884.15","$2,117,962,430.30","$2,271,541,845.62"
Late-demographic dividend,"$18,784,732,096,877.70","$18,828,510,013,671.30","$20,875,187,048,422.10","$22,893,811,867,077.40","$23,350,735,596,984.10","$22,862,413,053,120.20","$27,277,869,480,236.80","$28,540,512,833,862.80","$28,903,171,309,924.70","$29,910,723,278,948.70"
Lithuania,"$41,540,954,817.20","$42,970,749,245.03","$47,756,764,508.45","$54,261,795,148.54","$55,122,066,225.80","$57,412,038,533.27","$67,037,321,008.97","$71,033,884,499.78","$79,789,877,416.17","$84,869,215,513.36"
Luxembourg,"$60,071,584,216.14","$62,216,885,435.95","$65,712,180,342.98","$71,085,623,495.11","$69,872,035,113.65","$73,670,782,100.39","$86,386,759,695.17","$80,801,680,397.01","$87,574,021,091.75","$93,197,329,011.71"
Latvia,"$26,344,565,876.89","$27,117,105,059.51","$29,391,059,767.43","$33,247,935,477.36","$33,099,503,950.85","$33,379,927,434.61","$38,183,326,784.93","$38,014,713,595.77","$42,572,151,720.14","$43,520,773,851.12"
"Macao SAR, China","$45,048,190,598.32","$45,070,808,688.96","$50,383,871,120.87","$55,190,661,339.78","$55,082,293,844.10","$25,343,525,935.84","$30,969,334,705.05","$24,999,113,475.84","$45,803,067,940.41","$50,183,212,761.35"
St. Martin (French part),,,,,"$652,205,849.39",,"$649,206,156.19",,,
Morocco,"$110,413,823,841.59","$111,572,947,004.92","$118,540,573,367.84","$127,341,147,581.82","$128,920,266,409.46","$121,353,645,057.14","$142,022,058,447.23","$130,951,926,351.24","$144,417,103,249.65","$154,430,996,472.75"
Monaco,"$6,264,756,528.38","$6,471,290,793.55","$6,430,254,652.59","$7,184,333,936.01","$7,383,496,254.24","$6,730,736,282.79","$8,623,242,743.30","$8,800,430,486.17","$9,995,350,547.12",
Moldova,"$7,797,667,196.73","$7,980,917,075.77","$9,514,404,016.21","$11,252,353,420.88","$11,736,797,054.70","$11,530,746,234.45","$13,691,869,264.08","$14,525,337,523.73","$16,711,906,746.21","$18,200,340,853.65"
Madagascar,"$11,323,020,701.30","$11,848,613,858.44","$13,176,313,593.55","$13,760,033,282.29","$14,104,664,678.51","$13,051,441,203.95","$14,354,731,964.33","$15,325,603,272.61","$15,869,945,477.86","$17,420,814,800.70"
Maldives,"$4,129,505,319.13","$4,409,942,623.86","$4,816,426,256.53","$5,404,344,162.70","$5,726,094,799.38","$3,712,604,583.37","$5,252,457,369.55","$6,177,118,113.95","$6,590,894,301.96","$6,975,146,349.43"
"Middle East, North Africa, Afghanistan & Pakistan","$3,546,719,057,163.68","$3,592,203,183,221.50","$3,761,433,694,224.74","$4,023,974,471,234.97","$3,989,483,215,533.71","$3,561,019,804,742.77","$4,279,459,402,701.19","$4,994,047,685,350.32","$4,837,112,081,492.74","$5,025,772,564,328.30"
Mexico,"$1,213,294,467,779.98","$1,112,233,497,452.70","$1,190,721,475,906.00","$1,256,300,182,775.80","$1,304,106,203,902.45","$1,121,064,767,401.51","$1,316,569,466,735.28","$1,466,464,899,303.68","$1,793,798,859,343.27","$1,852,722,885,258.11"
Marshall Islands,"$183,700,000.00","$201,800,000.00","$213,700,000.00","$220,000,000.00","$232,900,000.00","$241,800,000.00","$258,900,000.00","$253,400,000.00","$259,300,000.00","$280,357,844.23"
Middle income,"$25,083,049,368,763.70","$25,375,550,658,298.80","$27,748,887,095,153.80","$29,559,838,322,315.30","$30,263,574,824,888.80","$29,324,478,257,136.10","$34,618,128,912,439.90","$36,282,529,025,324.20","$37,397,441,616,315.50","$38,748,293,620,690.30"
Macedonia,"$10,064,519,962.57","$10,672,467,073.29","$11,307,067,069.67","$12,683,068,114.24","$12,606,338,448.55","$12,361,036,913.84","$14,000,283,827.02","$13,932,436,550.09","$15,763,604,287.99","$16,685,236,492.07"
Mali,"$15,583,181,170.41","$16,743,796,799.83","$18,308,362,040.05","$20,368,015,381.24","$20,477,421,884.54","$20,698,560,938.78","$22,999,245,262.67","$22,374,051,349.94","$24,621,545,564.88","$26,588,067,731.17"
Malta,"$11,340,795,032.93","$12,025,782,885.28","$14,161,366,732.72","$16,153,779,511.16","$16,337,793,530.78","$16,409,900,599.20","$19,723,563,354.68","$19,239,187,083.52","$22,210,718,401.02","$24,322,006,607.93"
Myanmar,"$59,607,290,407.62","$63,298,361,996.22","$66,053,040,483.00","$67,860,515,989.52","$75,065,106,227.69","$79,006,113,643.19","$66,345,291,160.17","$62,253,049,891.64","$66,757,619,000.00","$74,079,772,652.43"
"Middle East, North Africa, Afghanistan & Pakistan (excluding high income)","$1,780,659,355,969.17","$1,829,549,360,447.27","$1,857,189,378,336.06","$1,864,852,275,838.18","$1,819,885,021,237.61","$1,649,213,376,516.37","$1,915,797,738,870.79","$2,132,297,995,335.66","$2,039,526,572,152.72","$2,153,572,215,659.73"
Montenegro,"$4,054,730,077.58","$4,376,930,578.32","$4,856,599,480.80","$5,506,942,238.36","$5,542,054,181.13","$4,769,996,866.01","$5,861,427,505.12","$6,229,801,580.79","$7,530,593,375.22","$8,069,536,125.80"
Mongolia,"$11,619,892,590.69","$11,181,350,649.36","$11,480,847,740.74","$13,178,094,720.50","$14,206,359,017.51","$13,312,981,429.09","$15,286,441,737.67","$17,146,471,713.75","$20,325,121,393.91","$23,586,055,802.45"
Northern Mariana Islands,"$910,000,000.00","$1,230,000,000.00","$1,560,000,000.00","$1,301,000,000.00","$1,179,000,000.00","$866,000,000.00","$914,000,000.00","$1,096,000,000.00",,
Mozambique,"$16,208,985,769.62","$12,069,051,237.17","$13,264,640,645.78","$15,017,358,952.85","$15,512,759,046.67","$14,235,420,174.19","$16,168,055,475.44","$18,883,528,581.37","$20,954,220,983.55","$22,416,650,343.48"
Mauritania,"$6,166,863,896.69","$6,398,747,592.13","$6,800,135,898.29","$7,473,550,557.07","$7,894,764,885.82","$8,260,752,385.23","$9,222,536,364.01","$9,557,966,698.25","$10,651,709,314.16","$10,766,731,873.54"
Mauritius,"$12,007,291,045.65","$12,594,155,464.41","$13,713,506,130.61","$14,735,695,930.97","$14,436,346,979.64","$11,408,106,446.31","$11,484,348,857.85","$12,907,767,789.60","$14,101,195,732.67","$14,952,555,414.86"
Malawi,"$9,219,474,379.32","$7,909,868,618.46","$8,943,543,793.58","$9,879,231,591.52","$11,051,865,579.81","$11,769,313,597.85","$12,378,129,750.99","$12,429,060,150.74","$12,712,150,082.08","$11,008,925,322.51"
Malaysia,"$301,355,266,964.95","$301,256,033,870.33","$319,109,094,160.34","$358,788,845,712.53","$365,177,721,021.52","$337,456,163,961.21","$373,784,823,672.95","$407,605,841,348.24","$399,705,137,434.07","$421,972,102,253.57"
North America,"$19,858,182,357,217.10","$20,339,807,652,907.40","$21,268,509,960,244.10","$22,389,071,169,783.00","$23,291,130,648,672.50","$23,016,677,094,000.20","$25,710,839,785,423.20","$28,205,178,461,134.30","$29,902,627,912,064.30","$31,435,123,430,970.30"
Namibia,"$11,335,161,083.51","$10,722,018,732.09","$12,895,153,370.91","$13,682,019,076.40","$12,541,928,303.48","$10,583,748,541.53","$12,402,486,183.64","$12,569,449,123.37","$12,408,271,447.87","$13,372,354,268.54"
New Caledonia,"$8,738,203,074.40","$8,724,568,954.90","$9,174,048,681.99","$9,896,402,283.69","$9,475,655,324.59","$9,454,629,467.91","$10,071,349,663.85","$9,623,318,718.31",,
Niger,"$9,683,867,926.44","$10,398,861,981.76","$11,185,104,251.69","$12,837,307,496.88","$12,889,555,561.23","$13,744,653,103.06","$14,915,002,436.07","$15,433,852,714.49","$16,698,786,973.02","$19,537,639,288.06"
Nigeria,"$493,026,682,800.63","$404,649,125,252.16","$375,745,731,053.43","$421,739,251,509.08","$474,517,490,844.46","$432,198,898,467.80","$440,833,635,873.83","$477,403,400,101.17","$363,846,332,834.62","$187,759,703,099.80"
Nicaragua,"$12,756,696,261.07","$13,286,093,388.48","$13,785,893,007.48","$13,025,221,974.23","$12,699,023,614.25","$12,726,422,432.49","$14,209,020,361.85","$15,634,572,502.23","$17,805,842,283.87","$19,693,982,967.59"
Netherlands,"$775,743,675,302.73","$797,163,949,289.89","$848,233,537,845.88","$929,733,599,796.86","$928,903,005,576.47","$932,560,861,701.17","$1,054,472,123,449.60","$1,046,540,797,548.64","$1,154,361,305,398.06","$1,227,543,925,316.41"
Norway,"$388,159,512,245.53","$370,956,547,619.05","$401,745,275,035.26","$439,788,625,883.80","$408,742,840,909.09","$367,633,418,886.63","$503,367,986,030.27","$596,297,651,035.80","$482,949,731,776.59","$483,727,398,216.36"
Nepal,"$24,360,801,286.76","$24,524,109,483.53","$28,971,588,940.36","$33,111,525,237.15","$34,186,180,699.03","$33,433,659,301.25","$36,924,841,394.26","$41,182,939,600.62","$41,047,772,331.10","$42,914,268,286.71"
Nauru,"$84,383,388.64","$97,276,023.08","$108,862,278.52","$130,937,589.75","$124,871,111.38","$124,530,027.30","$175,513,984.50","$152,190,818.87","$151,455,967.74","$160,350,639.55"
New Zealand,"$178,224,167,087.99","$189,100,085,275.23","$206,745,969,246.07","$211,985,631,173.21","$213,006,341,101.87","$213,029,554,653.69","$253,977,931,814.97","$249,509,991,440.44","$255,194,972,673.12","$260,235,932,559.00"
OECD members,"$47,637,393,781,320.80","$48,561,385,930,398.50","$50,713,666,639,143.20","$53,633,758,340,295.10","$54,181,531,589,081.80","$52,999,808,975,237.40","$59,193,139,223,744.60","$60,744,315,658,542.20","$64,803,502,836,722.80","$67,687,054,565,878.20"
Oman,"$78,710,793,237.97","$75,128,738,621.59","$80,856,697,009.10","$91,505,851,755.53","$88,060,858,257.48","$75,909,492,847.85","$87,323,797,139.14","$109,852,795,838.75","$105,895,708,712.61","$106,942,782,834.85"
Other small states,"$121,140,417,939.72","$127,726,590,446.00","$142,823,050,906.06","$157,519,922,450.08","$158,082,460,872.93","$145,642,308,336.75","$171,465,890,505.67","$181,571,679,219.51","$194,578,375,098.13","$205,790,426,259.97"
Pakistan,"$299,963,590,534.77","$313,630,000,130.44","$339,205,534,861.10","$356,128,166,704.92","$320,909,472,770.67","$300,425,609,817.98","$348,516,647,445.15","$374,890,295,666.69","$337,885,531,778.05","$373,071,855,731.54"
Panama,"$55,767,806,100.00","$59,760,858,700.00","$64,327,688,800.00","$67,316,471,200.00","$69,778,991,200.00","$57,059,846,500.00","$67,396,392,500.00","$76,276,116,700.00","$83,318,176,900.00","$86,260,400,000.00"
Peru,"$189,802,976,285.62","$191,898,104,390.38","$211,007,984,080.91","$222,597,009,739.24","$228,346,006,003.65","$201,409,694,755.93","$226,328,766,459.63","$246,065,570,308.16","$266,958,720,837.99","$289,221,969,059.85"
Philippines,"$306,445,871,242.32","$318,627,003,016.73","$328,480,736,802.76","$346,841,896,587.31","$376,823,402,239.14","$361,751,145,451.60","$394,087,359,848.11","$404,353,369,604.63","$437,055,627,244.42","$461,617,509,782.36"
Palau,"$278,824,800.00","$298,323,500.00","$285,600,000.00","$288,546,300.00","$281,941,600.00","$258,990,800.00","$235,752,900.00","$255,591,100.00","$281,849,100.00",
Papua New Guinea,"$21,723,437,010.10","$20,758,876,952.62","$22,742,699,138.36","$24,109,780,708.03","$24,750,626,029.88","$23,848,447,849.61","$26,109,413,521.31","$31,653,185,952.61","$30,816,367,066.96","$32,538,480,024.00"
Poland,"$480,054,118,583.37","$473,259,623,976.26","$528,356,723,263.07","$594,616,632,477.02","$602,683,770,144.88","$605,914,186,117.95","$689,170,171,187.00","$695,607,522,884.82","$812,451,128,978.58","$914,696,430,325.39"
Pre-demographic dividend,"$1,313,619,241,165.39","$1,170,247,569,850.28","$1,222,291,962,819.70","$1,362,634,002,287.22","$1,435,723,143,391.13","$1,318,892,160,079.38","$1,447,970,750,253.63","$1,658,497,791,360.45","$1,527,124,866,810.94","$1,426,898,998,276.72"
Puerto Rico (US),"$103,375,500,000.00","$104,336,700,000.00","$103,445,526,000.00","$100,958,100,000.00","$105,126,400,000.00","$103,130,900,000.00","$106,426,600,000.00","$113,843,700,000.00","$118,375,000,000.00","$125,841,500,000.00"
North Korea,,,,,,,,,,
Portugal,"$199,038,523,119.64","$206,305,431,241.64","$220,862,990,767.23","$242,092,894,542.89","$240,115,970,063.02","$229,618,773,422.58","$256,055,879,091.14","$256,898,675,068.93","$289,696,962,620.24","$308,683,317,392.68"
Paraguay,"$36,211,447,840.10","$36,089,700,222.95","$38,997,129,473.56","$40,225,448,340.63","$37,925,338,329.15","$35,432,178,068.18","$39,950,899,938.75","$41,952,910,858.09","$43,118,053,174.54","$44,458,118,399.67"
West Bank and Gaza,"$13,972,400,000.00","$15,405,400,000.00","$16,128,000,000.00","$16,276,600,000.00","$17,133,500,000.00","$15,531,700,000.00","$18,109,000,000.00","$19,165,500,000.00","$17,847,900,000.00","$13,711,100,000.00"
Pacific island small states,"$9,103,468,778.15","$9,548,954,059.90","$10,283,449,682.56","$10,792,820,189.44","$10,712,120,596.80","$9,515,415,337.73","$9,581,825,673.83","$10,328,388,317.20","$11,168,877,227.38","$11,977,251,413.72"
Post-demographic dividend,"$44,758,426,403,938.60","$45,785,380,106,162.10","$47,756,402,426,662.60","$50,599,156,664,416.60","$51,135,209,515,081.40","$50,140,341,964,133.70","$55,855,082,520,061.00","$57,128,680,173,110.10","$60,538,844,740,701.70","$63,040,640,005,163.40"
French Polynesia,"$5,325,846,361.81","$5,497,036,476.80","$5,833,352,692.80","$6,135,116,253.33","$6,022,276,196.14","$5,574,821,989.38","$6,150,640,646.38","$5,814,661,208.91","$6,402,221,222.33",
Qatar,"$161,739,955,576.92","$151,732,181,868.13","$161,099,122,225.28","$183,334,953,818.68","$176,371,267,692.31","$144,411,363,351.65","$179,732,009,560.44","$235,709,325,714.29","$213,002,809,340.66","$217,982,967,032.97"
Romania,"$177,885,131,240.32","$185,290,759,248.84","$210,147,385,855.42","$243,468,683,030.34","$251,677,082,534.50","$252,033,792,712.15","$286,578,196,368.30","$296,354,358,293.48","$350,775,856,415.19","$382,767,571,329.16"
Russia,"$1,363,482,182,197.71","$1,276,786,350,881.14","$1,574,199,360,089.00","$1,657,328,773,461.31","$1,693,115,002,708.32","$1,493,075,894,362.14","$1,829,186,719,575.10","$2,291,612,121,334.64","$2,071,505,725,030.58","$2,173,835,806,671.66"
Rwanda,"$8,543,760,205.74","$8,695,272,060.68","$9,252,833,894.19","$9,637,904,519.00","$10,349,300,276.76","$10,174,386,854.81","$11,078,787,095.18","$13,316,161,005.72","$14,331,722,700.32","$14,251,642,231.49"
South Asia,"$2,414,503,392,484.38","$2,679,313,169,377.96","$3,075,955,432,871.73","$3,159,841,615,195.07","$3,318,484,576,527.33","$3,172,770,463,749.49","$3,717,045,071,833.11","$3,930,640,282,535.14","$4,210,278,492,152.87","$4,514,924,632,400.27"
Saudi Arabia,"$693,414,400,000.00","$689,279,466,666.67","$741,266,133,333.33","$886,564,800,000.00","$888,890,133,333.33","$767,951,200,000.00","$982,661,066,666.67","$1,239,075,200,000.00","$1,218,584,533,333.33","$1,237,529,866,666.67"
Sudan,"$51,726,758,676.77","$42,630,376,000.00","$41,283,617,976.19","$32,333,780,383.29","$32,338,079,165.29","$27,034,593,750.00","$34,229,513,774.99","$51,666,875,363.10","$39,898,289,820.80","$49,909,807,029.70"
Senegal,"$17,774,766,696.18","$19,040,312,333.19","$20,996,562,943.60","$23,116,701,556.14","$23,403,995,992.14","$24,530,513,037.75","$27,520,784,129.75","$27,783,332,222.68","$30,696,331,295.78","$32,267,254,425.05"
Singapore,"$307,998,545,269.40","$319,646,468,521.50","$343,673,334,902.33","$377,123,710,560.61","$376,161,998,830.05","$349,165,858,544.57","$436,591,382,250.46","$509,017,841,146.56","$505,439,514,078.02","$547,386,645,891.85"
Solomon Islands,"$1,307,909,887.55","$1,379,490,304.23","$1,469,789,119.09","$1,615,478,393.29","$1,619,155,017.39","$1,536,145,814.17","$1,522,794,913.09","$1,566,360,686.11","$1,660,896,530.72","$1,760,767,447.17"
Sierra Leone,"$6,788,352,974.78","$6,084,297,211.10","$5,749,846,528.48","$6,390,514,688.53","$6,526,183,564.20","$6,693,888,876.29","$7,173,379,137.26","$7,124,465,159.65","$6,411,787,856.07","$7,547,843,281.27"
El Salvador,"$23,438,240,000.00","$24,191,430,000.00","$24,979,190,000.00","$26,020,850,000.00","$26,881,140,000.00","$24,921,190,000.00","$29,043,140,000.00","$31,870,120,000.00","$33,853,940,000.00","$35,364,960,000.00"
San Marino,"$1,419,401,070.56","$1,468,343,139.74","$1,528,620,346.31","$1,655,353,653.06","$1,616,232,125.13","$1,544,714,493.24","$1,855,395,999.77","$1,831,700,577.09",,
Somalia,"$6,152,149,100.00","$6,613,743,070.00","$7,621,501,710.00","$7,873,440,830.00","$8,655,023,960.00","$8,628,393,720.00","$9,483,997,390.00","$10,202,767,270.00","$10,968,517,090.00","$12,108,515,110.00"
Serbia,"$41,297,410,634.96","$42,225,495,909.56","$45,972,834,713.81","$52,787,520,248.92","$53,864,693,664.56","$55,874,017,669.00","$66,159,884,072.53","$66,797,564,758.34","$81,342,660,752.37","$89,083,506,277.23"
Sub-Saharan Africa (excluding high income),"$1,610,309,182,289.44","$1,453,124,062,366.33","$1,583,630,214,899.87","$1,704,078,107,124.46","$1,745,254,110,180.65","$1,621,662,123,503.33","$1,830,970,332,357.42","$1,956,487,528,375.04","$1,825,737,943,161.89","$1,745,534,471,319.04"
S. Sudan,"$11,997,800,760.22",,,,,,,,,
Sub-Saharan Africa,"$1,676,330,914,192.17","$1,528,989,342,276.60","$1,667,076,470,688.94","$1,790,131,601,908.14","$1,843,035,420,525.45","$1,730,702,407,679.05","$1,943,719,394,821.09","$2,085,278,582,815.11","$1,946,245,643,472.37","$1,860,829,213,452.29"
Small states,"$192,378,904,291.36","$195,005,480,876.45","$212,648,078,851.57","$229,205,977,078.09","$230,723,882,097.48","$208,338,277,477.53","$243,009,421,520.27","$269,954,645,297.01","$285,189,556,483.08","$309,361,541,400.63"
Sao Tome and Principe,"$259,999,643.05","$292,267,272.20","$322,002,845.23","$383,717,327.83","$412,976,082.62","$471,229,484.61","$524,402,455.55","$540,809,499.19","$678,976,264.84","$764,274,042.74"
Suriname,"$5,126,237,646.22","$3,317,421,648.10","$3,591,679,431.00","$3,996,198,866.57","$4,016,040,575.09","$2,911,807,496.20","$3,107,923,197.97","$3,791,603,200.03","$3,455,146,280.84","$4,714,267,822.22"
Slovakia,"$89,178,548,717.33","$90,347,173,228.64","$95,978,130,734.98","$106,611,673,364.84","$105,843,498,304.09","$107,732,602,896.44","$120,560,912,620.60","$115,884,262,197.70","$133,896,931,490.22","$141,775,733,420.11"
Slovenia,"$42,709,468,274.81","$44,290,685,824.07","$48,153,200,134.66","$53,689,067,639.92","$53,909,922,735.55","$53,384,760,135.16","$61,529,280,461.09","$59,927,702,746.28","$69,148,468,417.32","$72,485,008,929.28"
Sweden,"$501,698,263,620.66","$514,218,206,628.33","$536,083,940,228.68","$551,312,498,430.16","$532,169,294,165.94","$545,147,614,972.14","$637,186,904,843.64","$579,895,717,343.96","$585,489,968,189.06","$610,117,791,237.09"
eSwatini,"$3,909,281,650.36","$3,724,180,911.38","$4,463,673,661.23","$4,644,696,656.37","$4,616,996,144.91","$4,120,621,324.89","$4,785,708,165.93","$4,741,163,884.95","$4,604,172,127.36","$4,891,883,720.16"
Sint Maarten (Dutch part),"$1,417,888,715.08","$1,427,017,206.70","$1,353,212,122.91","$1,259,200,446.93","$1,407,880,446.93","$1,236,428,100.56","$1,353,071,061.45","$1,537,088,715.08","$1,627,776,949.27","$1,735,210,227.93"
Seychelles,"$1,432,403,352.13","$1,568,513,348.14","$1,675,370,641.01","$1,784,313,926.77","$1,868,690,096.73","$1,382,551,751.57","$1,487,173,794.81","$2,018,346,588.74","$2,187,379,754.66","$2,167,239,562.46"
Syria,"$16,466,863,117.00","$12,597,854,877.43","$16,369,843,352.35","$21,497,782,867.64","$22,583,045,060.08","$12,047,752,036.09","$14,353,205,678.50","$23,622,827,079.50","$19,993,439,949.54",
Turks and Caicos Islands,"$942,070,000.00","$1,032,452,000.00","$1,022,365,000.00","$1,314,329,000.00","$1,371,838,000.00","$918,387,000.00","$1,236,459,000.00","$1,434,119,000.00","$1,638,653,000.00","$1,745,378,000.00"
Chad,"$14,559,599,499.50","$13,026,289,835.78","$13,349,041,408.72","$15,327,000,248.87","$14,905,517,742.85","$14,932,897,821.24","$16,871,937,697.59","$17,828,508,289.60","$19,107,685,020.89","$20,625,711,664.65"
East Asia & Pacific (IDA & IBRD countries),"$13,532,269,646,653.50","$13,827,143,891,946.30","$15,097,049,793,765.40","$16,881,313,468,532.00","$17,481,802,738,366.40","$17,783,399,412,496.60","$21,205,315,189,717.10","$21,536,968,352,300.00","$21,617,377,390,319.40","$22,233,410,782,170.80"
Europe & Central Asia (IDA & IBRD countries),"$3,632,564,157,711.83","$3,490,976,596,937.19","$3,922,819,871,997.88","$4,091,510,597,189.56","$4,175,891,551,192.92","$3,916,679,848,494.70","$4,628,696,552,014.54","$5,263,275,218,883.39","$5,556,261,013,139.78","$6,097,876,994,310.88"
Togo,"$5,755,461,035.38","$6,071,170,959.12","$6,387,422,517.69","$7,029,300,383.08","$6,992,700,101.37","$7,400,284,167.78","$8,342,243,645.94","$8,169,476,148.96","$9,171,261,837.57","$9,925,732,119.72"
Thailand,"$401,296,238,228.08","$413,366,349,747.51","$456,356,813,536.76","$506,754,208,404.49","$543,976,691,793.89","$500,461,898,480.25","$506,194,668,789.94","$495,644,697,587.66","$515,906,283,940.93","$526,411,265,427.68"
Tajikistan,"$8,271,431,485.07","$6,992,416,096.89","$7,536,402,852.86","$7,764,999,999.45","$8,300,813,599.31","$8,133,963,550.66","$8,937,805,347.14","$10,713,525,200.40","$12,244,169,292.80","$14,204,575,548.55"
Turkmenistan,"$35,799,714,285.71","$36,169,428,571.43","$37,926,285,714.29","$40,765,428,571.43","$45,232,857,142.86","$45,818,000,000.00","$50,007,428,571.43","$58,972,000,000.00","$60,628,857,142.86","$64,239,891,739.33"
Latin America & the Caribbean (IDA & IBRD countries),"$5,196,815,576,719.09","$5,055,941,096,844.80","$5,633,597,128,103.88","$5,505,396,811,018.94","$5,413,386,525,184.87","$4,561,756,343,150.42","$5,313,306,131,137.49","$6,048,473,378,741.76","$6,804,996,162,368.30","$6,977,493,595,927.05"
Timor-Leste,"$1,590,282,400.00","$1,640,464,600.00","$1,584,878,400.00","$1,555,988,614.44","$2,032,550,389.41","$2,162,619,240.87","$3,624,889,673.07","$3,208,593,982.01","$2,079,916,909.49","$1,881,265,333.42"
"Middle East, North Africa, Afghanistan & Pakistan (IDA & IBRD)","$1,766,686,955,969.17","$1,814,143,960,447.27","$1,841,061,378,336.06","$1,848,575,675,838.18","$1,802,751,521,237.61","$1,633,681,676,516.37","$1,897,688,738,870.79","$2,113,132,495,335.66","$2,021,678,672,152.72","$2,139,861,115,659.73"
Tonga,"$437,525,538.90","$420,828,254.54","$459,976,847.11","$489,714,529.78","$494,197,853.97","$496,856,303.95","$518,228,028.70","$518,180,029.41","$508,735,107.03",
South Asia (IDA & IBRD),"$2,414,503,392,484.38","$2,679,313,169,377.96","$3,075,955,432,871.73","$3,159,841,615,195.07","$3,318,484,576,527.33","$3,172,770,463,749.49","$3,717,045,071,833.11","$3,930,640,282,535.14","$4,210,278,492,152.87","$4,514,924,632,400.27"
Sub-Saharan Africa (IDA & IBRD countries),"$1,676,330,914,192.17","$1,528,989,342,276.60","$1,667,076,470,688.94","$1,790,131,601,908.14","$1,843,035,420,525.45","$1,730,702,407,679.05","$1,943,719,394,821.09","$2,085,278,582,815.11","$1,946,245,643,472.37","$1,860,829,213,452.29"
Trinidad and Tobago,"$26,841,143,094.68","$23,624,333,663.67","$23,847,765,529.30","$23,888,910,151.92","$23,588,037,786.74","$20,991,339,706.56","$24,177,305,760.28","$28,510,328,245.14","$25,489,373,405.06","$26,428,963,758.13"
Tunisia,"$45,779,494,041.93","$44,360,072,680.45","$42,163,530,590.95","$42,686,504,459.80","$41,905,642,418.83","$42,491,780,918.36","$47,073,234,359.18","$44,948,769,171.29","$48,196,281,783.95","$53,409,988,744.60"
Turkey,"$864,313,810,469.01","$869,682,881,593.04","$858,988,492,853.74","$778,972,108,040.60","$761,005,915,750.93","$720,338,490,327.25","$819,865,223,976.12","$907,118,434,653.51","$1,118,252,958,513.72","$1,323,254,808,058.74"
Tuvalu,"$36,811,936.08","$41,629,064.22","$45,276,595.35","$48,015,259.88","$54,123,198.57","$51,746,594.31","$60,196,405.71","$59,065,982.09","$62,280,311.59",
Tanzania,"$47,413,919,817.12","$49,774,409,374.45","$53,274,884,532.79","$57,003,712,892.09","$61,026,731,925.92","$66,068,737,786.06","$70,655,628,147.90","$75,769,974,505.01","$79,062,403,836.84","$78,779,864,877.30"
Uganda,"$32,387,183,730.10","$29,203,988,696.26","$30,744,473,841.42","$32,927,025,619.68","$35,353,061,007.96","$37,600,368,239.88","$40,529,788,744.06","$45,565,333,216.41","$48,768,955,859.28","$53,651,874,313.98"
Ukraine,"$91,030,967,789.07","$93,355,869,403.92","$112,090,505,081.74","$130,891,088,293.55","$153,883,047,509.58","$156,617,722,013.34","$199,765,859,570.94","$161,989,520,721.19","$181,221,517,868.74","$190,741,263,731.54"
Upper middle income,"$19,984,582,514,291.70","$20,063,502,656,403.50","$21,997,494,368,897.90","$23,555,219,100,370.30","$23,955,467,100,412.20","$23,214,223,345,858.70","$27,697,767,122,738.20","$28,905,818,138,526.20","$29,868,066,574,997.40","$30,891,808,644,564.40"
Uruguay,"$57,680,327,998.67","$57,480,787,465.27","$65,005,997,963.48","$65,344,577,415.75","$62,222,313,618.85","$53,559,359,261.83","$60,739,084,240.86","$70,594,110,920.04","$77,991,666,837.74","$80,961,511,073.58"
United States of America,"$18,295,019,000,000.00","$18,804,913,000,000.00","$19,612,102,000,000.00","$20,656,516,000,000.00","$21,539,982,000,000.00","$21,354,105,000,000.00","$23,681,171,000,000.00","$26,006,893,000,000.00","$27,720,709,000,000.00","$29,184,890,000,000.00"
Uzbekistan,"$86,196,264,755.31","$86,138,288,644.17","$69,703,222,282.73","$58,695,899,092.11","$67,293,639,798.40","$66,443,265,418.31","$77,340,060,003.03","$90,095,926,567.44","$102,641,879,248.76","$114,965,293,466.61"
St. Vincent and the Grenadines,"$786,555,555.56","$814,303,703.70","$844,040,740.74","$884,329,629.63","$910,481,481.48","$864,566,666.67","$888,677,777.78","$989,188,888.89","$1,072,237,037.04","$1,157,207,407.41"
Venezuela,,,,,,,,,,
British Virgin Islands,,,,,,,,,,
Virgin Islands (U.S.),"$3,663,000,000.00","$3,798,000,000.00","$3,794,000,000.00","$3,923,000,000.00","$4,121,000,000.00","$4,229,000,000.00","$4,507,000,000.00","$4,672,000,000.00",,
Vietnam,"$239,258,328,381.74","$257,096,001,177.98","$281,353,605,986.90","$310,106,478,394.66","$334,365,270,496.67","$346,615,738,537.80","$366,474,752,771.01","$413,445,230,668.58","$433,857,681,378.29","$476,388,230,307.18"
Vanuatu,"$759,690,180.95","$804,323,576.86","$880,043,284.40","$914,727,908.14","$936,526,267.62","$909,421,043.51","$982,362,211.92","$1,030,654,208.30","$1,126,313,359.22","$1,161,251,868.03"
World,"$75,723,635,302,571.90","$76,957,345,383,656.60","$81,974,795,709,110.10","$87,188,987,385,051.50","$88,492,389,499,432.00","$86,116,567,565,730.40","$98,365,745,535,038.50","$102,434,886,179,161.00","$106,939,249,843,452.00","$111,252,997,846,886.00"
Samoa,"$824,150,498.65","$843,924,796.70","$884,844,384.46","$878,448,433.40","$912,950,466.06","$868,898,358.27","$843,923,638.73","$832,945,205.64","$938,189,443.83","$1,068,025,243.64"
Kosovo,"$6,295,848,422.72","$6,682,677,289.99","$7,180,764,703.36","$7,878,759,714.82","$7,899,737,577.47","$7,717,145,217.81","$9,413,403,724.02","$9,354,903,061.89","$10,468,220,306.91","$11,148,602,232.66"
Yemen,"$42,444,490,073.73","$31,317,825,274.15","$26,842,229,044.58","$21,606,160,663.01",,,,,,
South Africa,"$346,709,790,458.56","$323,585,509,674.48","$381,448,814,653.46","$405,260,723,892.52","$389,330,032,224.27","$337,974,655,408.06","$420,886,877,628.70","$406,920,004,594.07","$380,699,271,816.40","$400,260,724,226.07"
Zambia,"$21,251,216,798.78","$20,958,412,538.31","$25,873,601,260.84","$26,311,507,273.67","$23,308,667,781.23","$18,137,764,930.65","$22,096,416,932.01","$29,163,782,140.49","$27,577,956,471.24","$26,325,775,287.02"
Zimbabwe,"$19,963,058,858.45","$20,548,759,858.09","$51,074,726,484.00","$34,156,057,417.33","$25,715,657,177.47","$26,868,564,055.12","$27,240,507,841.67","$32,789,657,377.98","$35,231,369,343.40","$44,187,704,410.12"
