Year,State,Agriculture,Mining and Quarrying,Manufacturing,Construction,Services,Others
2015,Johor,14.191,0.432,29.416,6.608,48.234,1.118
2015,Kedah,13.713,0.21,28.893,2.181,54.274,0.729
2015,Kelantan,23.832,1.07,5.36,2.077,67.521,0.14
2015,Melaka,11.479,0.122,38.995,2.625,46.597,0.182
2015,Negeri Sembilan,8.051,0.412,39.014,3.333,47.158,2.033
2015,Pahang,23.59,2.652,21.066,4.257,48.301,0.134
2015,Pulau Pinang,2.667,0.159,42.992,3.47,49.801,0.911
2015,Perak,16.385,0.56,17.713,4.081,61.144,0.116
2015,Perlis,21.691,0.592,8.56,3.61,63.784,1.764
2015,Selangor,1.516,0.185,28.099,6.203,60.994,3.003
2015,Terengganu,8.883,0.468,36.294,2.904,51.294,0.157
2015,Sabah,20.083,24.679,8.493,3.316,43.042,0.387
2015,Sarawak,13.972,24.553,26.424,3.16,31.558,0.333
2015,Kuala Lumpur,0,0.065,3.119,7.141,88.327,1.348
2015,Labuan,1.969,0,19.477,2.474,74.848,1.232
2016,Johor,12.881,0.488,29.243,7.695,48.222,1.471
2016,Kedah,12.641,0.233,28.997,2.425,54.923,0.782
2016,Kelantan,23.525,1.144,5.214,2.56,67.446,0.11
2016,Melaka,11.435,0.139,38.783,2.645,46.816,0.182
2016,Negeri Sembilan,7.317,0.473,38.622,3.51,47.822,2.255
2016,Pahang,22.001,1.727,21.268,5.359,49.48,0.164
2016,Pulau Pinang,2.41,0.164,42.926,3.618,49.903,0.98
2016,Perak,15.391,0.627,17.818,4.224,61.8,0.141
2016,Perlis,21.547,0.509,8.054,3.807,64.258,1.825
2016,Selangor,1.374,0.228,27.927,5.763,61.691,3.016
2016,Terengganu,8.344,0.496,37.706,2.862,50.437,0.155
2016,Sabah,17.099,28.371,7.788,3.041,43.312,0.389
2016,Sarawak,13.358,23.494,26.958,2.918,32.914,0.358
2016,Kuala Lumpur,0,0.067,3.024,7.571,88.051,1.286
2016,Labuan,1.785,0,19.585,1.88,75.552,1.198
2017,Johor,13.087,0.531,29.512,6.804,48.558,1.509
2017,Kedah,12.69,0.254,28.907,2.155,55.282,0.711
2017,Kelantan,23.305,1.278,5.437,2.216,67.652,0.112
2017,Melaka,11.328,0.139,38.258,4.213,45.587,0.475
2017,Negeri Sembilan,7.58,0.495,38.009,3.916,47.736,2.264
2017,Pahang,22.446,1.299,21.123,5.918,48.945,0.269
2017,Pulau Pinang,2.345,0.166,43.133,3.099,50.085,1.172
2017,Perak,15.781,0.632,18.304,3.048,62.056,0.179
2017,Perlis,21.933,0.539,8.055,2.128,65.375,1.971
2017,Selangor,1.429,0.229,28.116,5.818,61.557,2.85
2017,Terengganu,8.598,0.512,37.042,3.755,49.785,0.308
2017,Sabah,16.568,30.361,7.593,2.772,42.287,0.42
2017,Sarawak,12.851,23.211,26.743,3.345,33.449,0.4
2017,Kuala Lumpur,0,0.071,2.847,7.957,87.399,1.725
2017,Labuan,1.749,0,19.08,2,75.003,2.168
2018,Johor,12.441,0.545,29.358,7.058,49.318,1.28
2018,Kedah,12.204,0.257,28.63,2.252,56.031,0.627
2018,Kelantan,22.494,1.489,5.307,1.344,69.26,0.107
2018,Melaka,10.778,0.146,38.548,3.529,46.561,0.437
2018,Negeri Sembilan,7.272,0.489,37.659,4.192,48.423,1.964
2018,Pahang,22.062,1.253,21.663,4.262,50.549,0.211
2018,Pulau Pinang,2.158,0.171,43.249,2.871,50.552,0.998
2018,Perak,15.054,0.631,18.104,3.2,62.865,0.147
2018,Perlis,21.415,0.554,7.912,2.502,65.946,1.672
2018,Selangor,1.403,0.228,28.196,5.769,61.978,2.426
2018,Terengganu,8.172,0.526,37.475,3.333,50.311,0.184
2018,Sabah,16.276,28.224,7.662,3.433,44.021,0.385
2018,Sarawak,12.491,22.274,26.749,3.31,34.819,0.357
2018,Kuala Lumpur,0,0.066,2.663,7.917,87.799,1.555
2018,Labuan,1.734,0,18.836,2.154,75.649,1.626
2019,Johor,12.221,0.605,29.894,4.991,51.091,1.199
2019,Kedah,12.053,0.268,28.671,2.328,56.204,0.477
2019,Kelantan,22.818,1.636,5.104,1.504,68.822,0.117
2019,Melaka,10.172,0.156,38.42,3.115,47.995,0.142
2019,Negeri Sembilan,7.405,0.491,36.704,3.836,50.043,1.521
2019,Pahang,21.989,1.403,21.848,2.955,51.711,0.094
2019,Pulau Pinang,2.185,0.181,42.802,2.794,51.398,0.64
2019,Perak,14.886,0.664,18.006,3.277,63.125,0.042
2019,Perlis,21.685,0.542,7.647,2.709,66.245,1.172
2019,Selangor,1.365,0.249,27.809,5.989,62.128,2.46
2019,Terengganu,8.378,0.558,36.37,3.237,51.413,0.044
2019,Sabah,16.019,26.548,7.557,3.618,46.039,0.219
2019,Sarawak,12.122,21.946,26.772,3.273,35.655,0.233
2019,Kuala Lumpur,0,0.065,2.617,7.9,87.826,1.591
2019,Labuan,1.748,0,18.15,2.324,77.363,0.414
2020,Johor,13.162,0.513,30.179,3.26,51.85,1.036
2020,Kedah,11.984,0.243,29.579,2.417,55.24,0.538
2020,Kelantan,23.097,1.357,4.899,1.574,68.979,0.094
2020,Melaka,11.171,0.144,37.344,2.418,48.67,0.252
2020,Negeri Sembilan,7.162,0.431,36.173,2.957,51.411,1.866
2020,Pahang,23.688,1.118,22.312,2.463,50.281,0.137
2020,Pulau Pinang,2.21,0.15,44.909,2.41,49.604,0.716
2020,Perak,15.392,0.582,19.062,2.77,62.125,0.069
2020,Perlis,18.803,0.52,7.675,2.603,69.701,0.699
2020,Selangor,1.445,0.231,29.104,5.711,61.238,2.271
2020,Terengganu,8.539,0.517,34.893,3.178,52.782,0.09
2020,Sabah,16.442,25.611,7.763,2.822,47.016,0.346
2020,Sarawak,11.687,22.415,26.206,3.2,36.188,0.304
2020,Kuala Lumpur,0,0.064,2.637,6.249,89.311,1.739
2020,Labuan,1.512,0,17.962,2.136,77.631,0.76
2021,Johor,12.864,0.447,31.032,2.604,52.087,0.967
2021,Kedah,11.933,0.217,30.449,2.145,54.574,0.681
2021,Kelantan,22.766,1.368,4.886,1.555,69.298,0.128
2021,Melaka,10.788,0.132,37.819,2.141,48.979,0.141
2021,Negeri Sembilan,6.913,0.39,37.588,2.857,50.976,1.276
2021,Pahang,23.459,0.915,23.431,2.887,49.216,0.092
2021,Pulau Pinang,2.018,0.131,47.181,2.544,47.496,0.63
2021,Perak,15.304,0.523,20.095,2.496,61.537,0.045
2021,Perlis,17.446,0.487,7.975,2.57,70.219,1.302
2021,Selangor,1.439,0.206,31.228,5.078,59.7,2.349
2021,Terengganu,7.809,0.504,36.849,3.138,51.654,0.045
2021,Sabah,15.846,26.044,7.508,2.998,47.302,0.303
2021,Sarawak,10.993,21.183,28.187,3.412,35.955,0.27
2021,Kuala Lumpur,0,0.061,2.719,5.442,90.038,1.74
2021,Labuan,1.525,0,17.696,1.873,78.391,0.515
2022,Johor,12.209,0.454,30.09,2.775,53.398,1.074
2022,Kedah,11.101,0.224,30.635,2.36,54.996,0.683
2022,Kelantan,21.148,1.457,4.816,1.594,70.817,0.168
2022,Melaka,9.922,0.134,37.08,2.131,50.586,0.146
2022,Negeri Sembilan,6.506,0.405,38.056,2.853,51.555,0.624
2022,Pahang,22.559,0.925,22.225,2.581,51.628,0.083
2022,Pulau Pinang,1.861,0.128,48.229,2.444,46.765,0.572
2022,Perak,14.215,0.563,19.393,2.568,63.197,0.064
2022,Perlis,16.989,0.505,7.868,2.453,70.116,2.069
2022,Selangor,1.278,0.206,30.397,4.703,60.646,2.769
2022,Terengganu,7.109,0.527,37.605,3.066,51.67,0.022
2022,Sabah,15.271,24.892,7.034,3.063,49.413,0.328
2022,Sarawak,10.454,21.226,27.838,3.34,36.839,0.303
2022,Kuala Lumpur,0,0.061,2.611,5.062,91.363,0.902
2022,Labuan,1.531,0,17.252,1.854,78.936,0.427
2023,Johor,11.581,0.466,29.73,3.006,54.074,1.143
2023,Kedah,10.62,0.235,29.179,3.084,56.298,0.583
2023,Kelantan,20.28,1.547,4.574,1.683,71.782,0.134
2023,Melaka,10.044,0.139,36.182,2.209,51.287,0.139
2023,Negeri Sembilan,6.031,0.436,37.809,2.634,52.903,0.188
2023,Pahang,21.747,0.968,21.609,3.496,52.122,0.058
2023,Pulau Pinang,1.892,0.133,46.479,2.914,48.015,0.568
2023,Perak,14.128,0.598,19.303,2.439,63.459,0.072
2023,Perlis,17.182,0.523,7.641,2.439,70.411,1.804
2023,Selangor,1.126,0.205,29.431,4.887,61.066,3.287
2023,Terengganu,7.404,0.545,36.8,3.05,52.113,0.039
2023,Sabah,15.149,23.434,7.237,2.987,50.878,0.315
2023,Sarawak,10.5,20.93,26.415,3.591,38.269,0.294
2023,Kuala Lumpur,0,0.062,2.562,4.44,92.448,0.488
2023,Labuan,1.547,0,17.017,1.823,79.129,0.483
2024,Johor,11.349,0.488,29.111,4.033,53.893,1.126
2024,Kedah,10.6,0.219,29.859,2.632,56.093,0.597
2024,Kelantan,20.118,1.616,4.511,1.96,71.671,0.123
2024,Melaka,9.517,0.142,35.947,2.762,51.444,0.188
2024,Negeri Sembilan,6.329,0.395,37.552,2.746,52.753,0.225
2024,Pahang,22.299,0.88,21.161,3.733,51.749,0.178
2024,Pulau Pinang,1.808,0.134,46.144,3.181,48.094,0.639
2024,Perak,14.024,0.556,19.444,2.607,63.288,0.08
2024,Perlis,17.113,0.52,7.497,2.76,70.361,1.748
2024,Selangor,1.129,0.215,29.109,5.207,61.083,3.257
2024,Terengganu,7.366,0.592,36.641,3.431,51.875,0.095
2024,Sabah,14.477,22.006,7.239,3.509,52.441,0.328
2024,Sarawak,10.161,20.984,25.769,4.104,38.639,0.343
2024,Kuala Lumpur,0,0.06,2.517,5.062,91.87,0.491
2024,Labuan,1.503,0,16.043,1.822,79.915,0.717
